title,author_name,year,rating,ratings
Heartstopper: Volume Four,Alice Oseman,2021,4.67,227360
It Starts with Us,Colleen Hoover,2022,4.64,3988
Heartstopper: Volume Three,Alice Oseman,2020,4.63,273686
Kingdom of Ash,Sarah J. Maas,2018,4.62,261600
Crooked Kingdom,Leigh Bardugo,2016,4.61,477098
Heartstopper: Volume Two,Alice Oseman,2019,4.6,316062
Queen of Shadows,Sarah J. Maas,2015,4.56,412140
Empire of Storms,Sarah J. Maas,2016,4.56,343879
Acheron,Sherrilyn Kenyon,2008,4.56,58019
Heartstopper: Volume One,Alice Oseman,2018,4.53,430677
Reminders of Him,Colleen Hoover,2022,4.52,523841
House of Sky and Breath,Sarah J. Maas,2022,4.52,151116
Redeeming Love,Francine Rivers,1991,4.5,273997
Wildfire,Ilona Andrews,2017,4.5,34237
House of Earth and Blood,Sarah J. Maas,2020,4.48,312233
The Seven Husbands of Evelyn Hugo,Taylor Jenkins Reid,2017,4.47,1520986
White Hot,Ilona Andrews,2017,4.47,38726
Heir of Fire,Sarah J. Maas,2014,4.46,473089
The House in the Cerulean Sea,T.J. Klune,2020,4.45,358972
Ignite Me,Tahereh Mafi,2014,4.45,262482
Kiss of Snow,Nalini Singh,2011,4.45,30080
Lover Awakened,J.R. Ward,2006,4.44,173335
Lord of Shadows,Cassandra Clare,2017,4.44,129104
A Court of Wings and Ruin,Sarah J. Maas,2017,4.43,655054
Clockwork Prince,Cassandra Clare,2011,4.43,515519
Winter,Marissa Meyer,2015,4.43,245936
A Kingdom of Flesh and Fire,Jennifer L. Armentrout,2020,4.43,224628
A Breath of Snow and Ashes,Diana Gabaldon,2005,4.43,163691
An Echo in the Bone,Diana Gabaldon,2009,4.43,139381
Kings Rising,C.S. Pacat,2016,4.43,49858
Demon from the Dark,Kresley Cole,2010,4.43,46053
Cress,Marissa Meyer,2014,4.42,332040
Full Tilt,Emma   Scott,2016,4.42,21057
A ​Court of Silver Flames,Sarah J. Maas,2021,4.41,380727
Part of Your World,Abby Jimenez,2022,4.41,54863
Beard Science,Penny Reid,2016,4.41,31256
Lady Luck,Kristen Ashley,2011,4.41,38174
Reckless,S.C. Stephens,2013,4.41,77124
Magic Slays,Ilona Andrews,2011,4.4,70852
Lover Mine,J.R. Ward,2010,4.39,109537
Motorcycle Man,Kristen Ashley,2012,4.39,55492
It Ends with Us,Colleen Hoover,2016,4.38,1641804
The Song of Achilles,Madeline Miller,2011,4.38,950167
Voyager,Diana Gabaldon,1993,4.38,286958
Dreamfever,Karen Marie Moning,2009,4.38,98363
Sweet Dreams,Kristen Ashley,2011,4.38,47278
Lothaire,Kresley Cole,2012,4.38,44918
Silver Borne,Patricia Briggs,2010,4.38,102351
The Queen of Nothing,Holly Black,2019,4.37,396096
Last Sacrifice,Richelle Mead,2010,4.37,275495
Lady Midnight,Cassandra Clare,2016,4.37,209164
Lore Olympus: Volume One,Rachel  Smythe,2021,4.37,66132
Dance with the Devil,Sherrilyn Kenyon,2003,4.37,64073
The Prince and the Dressmaker,Jen Wang,2018,4.37,87981
Pleasure of a Dark Prince,Kresley Cole,2010,4.37,43345
Crown of Midnight,Sarah J. Maas,2013,4.36,554931
Lover Avenged,J.R. Ward,2009,4.36,111849
Wolfsong,T.J. Klune,2016,4.36,41622
The Indigo Spell,Richelle Mead,2013,4.36,99921
The King,J.R. Ward,2014,4.36,52334
Love and Other Words,Christina Lauren,2018,4.35,215451
Heart Bones,Colleen Hoover,2020,4.35,224754
All Rhodes Lead Here,Mariana Zapata,2021,4.35,70129
Effortless,S.C. Stephens,2011,4.35,115071
Opposition,Jennifer L. Armentrout,2014,4.35,78823
Aristotle and Dante Discover the Secrets of the Universe,Benjamin Alire Sáenz,2012,4.34,476866
From Lukov with Love,Mariana Zapata,2018,4.34,144173
Drums of Autumn,Diana Gabaldon,1996,4.34,232769
The Wicked King,Holly Black,2019,4.34,445996
Origin,Jennifer L. Armentrout,2013,4.34,106214
Wicked Deeds on a Winter's Night,Kresley Cole,2007,4.34,53529
Night Play,Sherrilyn Kenyon,2004,4.34,53073
Breathe,Kristen Ashley,2012,4.34,36423
Dark Desires After Dusk,Kresley Cole,2008,4.34,46777
Almost Heaven,Judith McNaught,1989,4.34,26999
Seize the Night,Sherrilyn Kenyon,2004,4.34,46888
Archer's Voice,Mia Sheridan,2014,4.33,183482
Dragonfly in Amber,Diana Gabaldon,1992,4.33,327326
The Simple Wild,Becky Albertalli,2018,4.33,72371
Spirit Bound,Richelle Mead,2010,4.33,281912
Cemetery Boys,Aiden Thomas,2020,4.33,63034
Lover Reborn,J.R. Ward,2012,4.33,80075
The Assassin's Blade,Sarah J. Maas,2014,4.33,255753
Champion,Marie Lu,2013,4.33,199846
Hothouse Flower,Krista Ritchie,2014,4.33,39279
Bright Side,Kim Holden,2014,4.33,45290
The Hunger Games,Suzanne Collins,2008,4.32,7591926
Clockwork Angel,Cassandra Clare,2010,4.32,776513
Burn for Me,Ilona Andrews,2014,4.32,53398
Felix Ever After,Kacen Callender,2020,4.32,47296
Ransom,Julie Garwood,1999,4.32,33842
Destined for an Early Grave,Jeaniene Frost,2009,4.32,83078
Us,Sarina Bowen,2016,4.32,26412
Twisted Lies,Ana Huang,2022,4.32,57535
Kulti,Mariana Zapata,2015,4.31,95837
Reflected in You,Sylvia Day,2012,4.31,334677
Lover Unbound,J.R. Ward,2007,4.31,129500
Wait for It,Mariana Zapata,2016,4.31,69159
Blood Promise,Richelle Mead,2009,4.31,299530
The Maddest Obsession,Danielle Lori,2019,4.31,85902
Something Wonderful,Judith McNaught,1988,4.31,28330
The Golden Lily,Richelle Mead,2012,4.31,115487
Catching Fire,Suzanne Collins,2009,4.3,3064538
Gone with the Wind,Margaret Mitchell,1936,4.3,1160178
The Sea of Tranquility,Katja Millay,2012,4.3,83835
The Bronze Horseman,Paullina Simons,2000,4.3,78595
Kiss of the Highlander,Karen Marie Moning,2001,4.3,41767
Before Jamaica Lane,Samantha Young,2014,4.3,42069
Paradise,Judith McNaught,1991,4.3,33238
The Immortal Highlander,Karen Marie Moning,2004,4.3,35973
Law Man,Kristen Ashley,2012,4.3,43965
Rock Chick Rescue,Kristen Ashley,2009,4.3,36458
Blood Bound,Patricia Briggs,2007,4.3,121647
Perfect,Judith McNaught,1993,4.3,23473
The Love Hypothesis,Ali Hazelwood,2021,4.29,724017
Hopeless,Colleen Hoover,2012,4.29,383899
November 9,Colleen Hoover,2015,4.29,532191
From Blood and Ash,Jennifer L. Armentrout,2020,4.29,325849
City of Glass,Cassandra Clare,2009,4.29,901506
Him,Sarina Bowen,2015,4.29,47672
Losing Hope,Colleen Hoover,2013,4.29,135445
Kiss the Sky,Krista Ritchie,2014,4.29,47515
One Foot in the Grave,Jeaniene Frost,2008,4.29,101508
Things We Never Got Over,Lucy Score,2022,4.29,175869
The Risk,S.T. Abby,2016,4.29,73865
The Blue Castle,L.M. Montgomery,1926,4.29,36734
Dark Needs at Night's Edge,Kresley Cole,2008,4.29,49180
The Will,Kristen Ashley,2014,4.29,29046
Tower of Dawn,Sarah J. Maas,2017,4.28,246170
Strange the Dreamer,Laini Taylor,2017,4.28,107451
Howl’s Moving Castle,Diana Wynne Jones,1986,4.28,284025
Lead,Kylie Scott,2014,4.28,47155
Sustained,Emma Chase,2015,4.28,29349
Immortal in Death,J.D. Robb,1996,4.28,51583
The Deal,Elle Kennedy,2015,4.27,431337
The Wall of Winnipeg and Me,Mariana Zapata,2016,4.27,181562
Better Than the Movies,Lynn Painter,2021,4.27,56775
Terms and Conditions,Lauren Asher,2022,4.27,78931
No Rest for the Wicked,Kresley Cole,2006,4.27,56303
The Dark Highlander,Karen Marie Moning,2002,4.27,36922
Glory in Death,J.D. Robb,1995,4.27,59298
Spell of the Highlander,Karen Marie Moning,2005,4.27,26290
Hunting Ground,Patricia Briggs,2009,4.27,66592
The Sweet Gum Tree,Katherine Allred,2005,4.27,29341
Me Before You,Jojo Moyes,2012,4.26,1436094
The Princess Bride,William Goldman,1973,4.26,852415
Scarlet,Marissa Meyer,2013,4.26,377397
Opal,Jennifer L. Armentrout,2012,4.26,143863
The Gamble,Kristen Ashley,2011,4.26,57504
Managed,Kristen Callihan,2016,4.26,31104
Addicted for Now,Krista Ritchie,2013,4.26,42708
Branded by Fire,Nalini Singh,2009,4.26,31242
Twice Tempted,Jeaniene Frost,2013,4.26,41696
This Side of the Grave,Jeaniene Frost,2011,4.26,61607
Driven,K. Bromberg,2013,4.26,59370
Outlander,Diana Gabaldon,1991,4.25,957461
Onyx,Jennifer L. Armentrout,2012,4.25,171763
The Secret,Julie Garwood,1992,4.25,49646
Lovely War,Julie Berry,2019,4.25,44230
Illuminae,Amie Kaufman,2015,4.25,141918
Bloodfever,Karen Marie Moning,2007,4.25,103842
Saving Grace,Julie Garwood,1993,4.25,26972
The Raven King,Maggie Stiefvater,2016,4.25,129859
Until You,Penelope Douglas,2013,4.25,48336
Devil in Winter,Lisa Kleypas,2006,4.24,77013
Rebecca,Daphne du Maurier,1938,4.24,556837
Point of Retreat,Colleen Hoover,2012,4.24,163696
The Fiery Cross,Diana Gabaldon,2001,4.24,195915
Daisy Jones & The Six,Taylor Jenkins Reid,2019,4.24,740691
Prodigy,Marie Lu,2013,4.24,241293
Valley of Silence,Nora Roberts,2006,4.24,28563
City of Lost Souls,Cassandra Clare,2012,4.23,493192
The Bride,Julie Garwood,1989,4.23,62543
The ​Crown of Gilded Bones,Jennifer L. Armentrout,2021,4.23,160403
Night Embrace,Sherrilyn Kenyon,2003,4.23,58839
Twisted Perfection,Abbi Glines,2013,4.23,66094
Honor's Splendour,Julie Garwood,1987,4.23,31123
Play of Passion,Nalini Singh,2010,4.23,27951
Ugly Love,Colleen Hoover,2014,4.22,929379
The Invisible Life of Addie LaRue,V.E. Schwab,2020,4.22,686794
Slammed,Colleen Hoover,2012,4.22,254688
Regretting You,Colleen Hoover,2019,4.22,287156
The Edge of Never,J.A. Redmerski,2012,4.22,146564
Born in Fire,Nora Roberts,1994,4.22,71920
The Witness,Nora Roberts,2012,4.22,75491
Egomaniac,Vi Keeland,2017,4.22,44747
The Winner's Kiss,Marie Rutkoski,2016,4.22,46572
The Prize,Julie Garwood,1991,4.22,29102
The Dream Thieves,Maggie Stiefvater,2013,4.22,182623
Beauty from Pain,Georgia Cates,2013,4.22,55542
The Score,Elle Kennedy,2016,4.21,195637
Safe Haven,Nicholas Sparks,2010,4.21,363661
A Kingdom of Dreams,Judith McNaught,1989,4.21,50780
Mystery Man,Kristen Ashley,2011,4.21,70047
Life's Too Short,Abby Jimenez,2021,4.21,53005
Before We Were Strangers,Renee Carlino,2015,4.21,55835
Down London Road,Samantha Young,2013,4.21,52006
Forever Too Far,Abbi Glines,2013,4.21,84454
Beauty and the Mustache,Penny Reid,2014,4.21,27550
Reason to Breathe,Rebecca    Donovan,2011,4.21,90348
Dance of Thieves,Mary E. Pearson,2018,4.21,70427
The Obsession,Nora Roberts,2016,4.21,71821
Finale,Stephanie Garber,2019,4.21,96804
Never Love a Highlander,Maya Banks,2011,4.21,25853
Simon vs. the Homo Sapiens Agenda,Becky Albertalli,2015,4.2,389450
Carry On,Rainbow Rowell,2015,4.2,280623
Five Feet Apart,Rachael Lippincott,2018,4.2,173328
Delilah Green Doesn't Care,Ashley Herring Blake,2022,4.2,26876
Love in the Afternoon,Lisa Kleypas,2010,4.2,44436
Dance Upon the Air,Nora Roberts,2001,4.2,68172
A Knight in Shining Armor,Jude Deveraux,1989,4.2,35480
Once Burned,Jeaniene Frost,2012,4.2,66290
Archangel's Kiss,Nalini Singh,2010,4.2,55634
I Wish You All the Best,Mason Deaver,2019,4.2,35376
White Hot Kiss,Jennifer L. Armentrout,2014,4.2,71136
The Opportunist,Tarryn Fisher,2011,4.2,51392
Own the Wind,Kristen Ashley,2013,4.2,47464
Beard in Mind,Penny Reid,2017,4.2,22558
The Bird and the Sword,Amy Harmon,2016,4.2,36320
Gentle Rogue,Johanna Lindsey,1990,4.2,21517
Collide,Gail McHugh,2013,4.2,64734
The Iron Queen,Julie Kagawa,2011,4.2,104266
A Court of Thorns and Roses,Sarah J. Maas,2015,4.19,1141409
Kiss an Angel,Susan Elizabeth Phillips,1996,4.19,58552
Night Pleasures,Sherrilyn Kenyon,2002,4.19,77021
Tears of the Moon,Nora Roberts,2000,4.19,33160
The Book of Life,Deborah Harkness,2014,4.19,171986
Chesapeake Blue,Nora Roberts,2002,4.19,33157
Frederica,Georgette Heyer,1965,4.19,20606
Under the Whispering Door,T.J. Klune,2021,4.19,102049
Wild Man,Kristen Ashley,2011,4.19,42456
Smaragdgrün,Kerstin Gier,2010,4.19,88106
By a Thread,Lucy Score,2020,4.19,52857
On Dublin Street,Samantha Young,2012,4.18,189455
Unravel Me,Tahereh Mafi,2013,4.18,310275
Happy Ever After,Nora Roberts,2010,4.18,57059
The Guernsey Literary and Potato Peel Pie Society,Mary Ann Shaffer,2008,4.18,698006
Dreaming of You,Lisa Kleypas,1994,4.18,40674
Autoboyography,Christina Lauren,2017,4.18,47602
Rules of Attraction,Simone Elkeles,2010,4.18,86658
Once and Always,Judith McNaught,1987,4.18,25997
Ruckus,L.J. Shen,2017,4.18,49537
Scandalous,L.J. Shen,2017,4.18,45822
The One,Kiera Cass,2014,4.17,574496
The Happy Ever After Playlist,Abby Jimenez,2020,4.17,68882
Today Tonight Tomorrow,Rachel Lynn Solomon,2020,4.17,45486
Tempt Me at Twilight,Lisa Kleypas,2009,4.17,41823
The Coincidence of Callie & Kayden,Jessica Sorensen,2012,4.17,114624
Never Too Far,Abbi Glines,2013,4.17,119168
Key of Light,Nora Roberts,2003,4.17,59041
The Perfect Hope,Nora Roberts,2012,4.17,43739
The Air He Breathes,Brittainy C. Cherry,2015,4.17,57678
Rock Chick,Kristen Ashley,2008,4.17,56208
Saphirblau,Kerstin Gier,2010,4.17,97457
Shelter Mountain,Robyn Carr,2007,4.17,37378
The Pagan Stone,Nora Roberts,2008,4.17,30352
Restore Me,Tahereh Mafi,2018,4.17,116386
King,T.M. Frazier,2015,4.17,43994
The Fault in Our Stars,John Green,2012,4.16,4501032
"Red, White & Royal Blue",Casey McQuiston,2019,4.16,607767
Bared to You,Sylvia Day,2012,4.16,498707
Divergent,Veronica Roth,2011,4.16,3540949
Dark Lover,J.R. Ward,2005,4.16,320970
"Act Your Age, Eve Brown",Talia Hibbert,2021,4.16,64493
Fallen Too Far,Abbi Glines,2012,4.16,169269
Legend,Marie Lu,2011,4.16,487553
A Thousand Boy Kisses,Tillie Cole,2016,4.16,102788
Beautiful Stranger,Christina Lauren,2013,4.16,86066
The Longest Ride,Nicholas Sparks,2012,4.16,127530
Real,Katy Evans,2013,4.16,106565
Bossman,Vi Keeland,2016,4.16,63756
Finding Cinderella,Colleen Hoover,2013,4.16,87058
Born in Ice,Nora Roberts,1995,4.16,36638
Eliza and Her Monsters,Francesca Zappia,2017,4.16,60125
Blood Brothers,Nora Roberts,2007,4.16,52509
The Wedding,Julie Garwood,1995,4.16,33476
Love From A to Z,S.K. Ali,2019,4.16,15600
The Mighty Storm,Samantha Towle,2012,4.16,72206
Dance of the Gods,Nora Roberts,2006,4.16,29877
The Darkest Minds,Alexandra Bracken,2012,4.16,176313
Stay with Me,Jennifer L. Armentrout,2014,4.16,32339
Swear on This Life,Renee Carlino,2016,4.16,36950
Seduction of a Highland Lass,Maya Banks,2011,4.16,24224
The Last Song,Nicholas Sparks,2008,4.15,536546
Obsidian,Jennifer L. Armentrout,2011,4.15,267374
I'll Give You the Sun,Jandy Nelson,2014,4.15,309331
Fantasy Lover,Sherrilyn Kenyon,2002,4.15,90374
The Grand Sophy,Georgette Heyer,1950,4.15,30755
Never Seduce a Scot,Maya Banks,2012,4.15,31542
Natural Born Charmer,Susan Elizabeth Phillips,2007,4.15,35013
Face the Fire,Nora Roberts,2002,4.15,39714
Heart of the Sea,Nora Roberts,2000,4.15,30801
Hani and Ishu's Guide to Fake Dating,Adiba Jaigirdar,2021,4.15,21328
Once Upon a Broken Heart,Stephanie Garber,2021,4.15,58490
A Not So Meet Cute,Meghan Quinn,2021,4.15,60854
Aristotle and Dante Dive into the Waters of the World,Benjamin Alire Sáenz,2021,4.15,51341
World After,Susan Ee,2013,4.15,100144
Dear Ava,Ilsa Madden-Mills,2020,4.15,41261
Top Secret,Sarina Bowen,2019,4.15,17678
Jane Eyre,Charlotte Brontë,1847,4.14,1896342
All the Bright Places,Jennifer Niven,2015,4.14,471843
Memoirs of a Geisha,Arthur Golden,1997,4.14,1885367
Savor the Moment,Nora Roberts,2010,4.14,55327
Married by Morning,Lisa Kleypas,2010,4.14,39467
North and South,Elizabeth Gaskell,1854,4.14,158995
Days of Blood & Starlight,Laini Taylor,2012,4.14,156341
Smooth Talking Stranger,Lisa Kleypas,2009,4.14,39342
Heaven and Earth,Nora Roberts,2001,4.14,40486
Flock,Kate  Stewart,2020,4.14,65945
Moon Called,Patricia Briggs,2006,4.14,196203
Morrigan's Cross,Nora Roberts,2006,4.14,52998
Hate Notes,Vi Keeland,2018,4.14,63594
Chasing Cassandra,Lisa Kleypas,2020,4.14,24023
Finale,Becca Fitzpatrick,2012,4.14,163162
Grin and Beard It,Penny Reid,2016,4.14,27092
First Drop of Crimson,Jeaniene Frost,2010,4.14,56219
The Hollow,Nora Roberts,2008,4.14,31799
The Notebook,Nicholas Sparks,1996,4.13,1537458
Call Me By Your Name,André Aciman,2007,4.13,389241
City of Ashes,Cassandra Clare,2008,4.13,865831
Halfway to the Grave,Jeaniene Frost,2007,4.13,151672
The Bodyguard,Katherine Center,2022,4.13,46261
Match Me If You Can,Susan Elizabeth Phillips,2005,4.13,45324
Perfection,R.L. Mathewson,2011,4.13,64231
Dreams of Gods & Monsters,Laini Taylor,2014,4.13,102978
Key of Valor,Nora Roberts,2003,4.13,36182
"Whitney, My Love",Judith McNaught,1985,4.13,34654
You Should See Me in a Crown,Leah  Johnson,2020,4.13,36131
The Highlander's Touch,Karen Marie Moning,2000,4.13,31955
Checkmate,R.L. Mathewson,2012,4.13,47848
A Very Large Expanse of Sea,Tahereh Mafi,2018,4.13,51694
Chasing Fire,Nora Roberts,2011,4.13,38137
Fixed on You,Laurelin Paige,2013,4.13,54771
Black Hills,Nora Roberts,2009,4.13,38453
Sylvester,Georgette Heyer,1957,4.13,15870
Second Chance Summer,Morgan Matson,2012,4.13,50899
The Lucky One,Nicholas Sparks,2007,4.12,347631
Vision in White,Nora Roberts,2009,4.12,134276
The Truth About Forever,Sarah Dessen,2004,4.12,218798
Bed of Roses,Nora Roberts,2009,4.12,60829
The Next Always,Nora Roberts,2011,4.12,79935
A Hunger Like No Other,Kresley Cole,2006,4.12,78645
Naked in Death,J.D. Robb,1995,4.12,181828
Rule,Jay Crownover,2012,4.12,97511
Dead to the World,Charlaine Harris,2004,4.12,253637
Still Me,Jojo Moyes,2018,4.12,181067
Captivated by You,Sylvia Day,2014,4.12,104998
Rubinrot,Kerstin Gier,2009,4.12,138597
Cry Wolf,Patricia Briggs,2008,4.12,97790
Pretty Reckless,L.J. Shen,2019,4.12,56819
Key of Knowledge,Nora Roberts,2003,4.12,36506
Be with Me,Jennifer L. Armentrout,2014,4.12,46763
Love Hacked,Penny Reid,2014,4.12,24306
Release Me,J. Kenner,2013,4.12,77852
Royally Matched,Emma Chase,2017,4.12,22965
The Darkest Temptation,Danielle Lori,2020,4.12,65357
Because of Low,Abbi Glines,2012,4.12,55748
Vampire Academy,Richelle Mead,2007,4.11,614151
A Week to Be Wicked,Tessa Dare,2012,4.11,31300
Lover Enshrined,J.R. Ward,2008,4.11,113315
On the Island,Tracey Garvis Graves,2011,4.11,81213
Marrying Winterborne,Lisa Kleypas,2016,4.11,35087
Venetia,Georgette Heyer,1958,4.11,16407
Destroy Me,Tahereh Mafi,2012,4.11,137383
Water for Elephants,Sara Gruen,2006,4.1,1520037
One True Loves,Sarah MacLean,2016,4.1,164083
Love & Gelato,Jenna Evans Welch,2016,4.1,102568
Ten Tiny Breaths,K.A. Tucker,2012,4.1,76134
The Dead Romantics,Ashley Poston,2022,4.1,27054
Stuck-Up Suit,Vi Keeland,2016,4.1,65530
Luna and the Lie,Mariana Zapata,2018,4.1,43382
Fire,Kristin Cashore,2009,4.1,177298
Born in Shame,Nora Roberts,1996,4.1,34165
The Winner's Crime,Marie Rutkoski,2015,4.1,62529
The Stopover,T.L. Swan,2019,4.1,83232
The Game Plan,Kristen Callihan,2015,4.1,29269
"It Ain't Me, Babe",Tillie Cole,2014,4.1,43938
Call Me Irresistible,Susan Elizabeth Phillips,2010,4.1,23057
Finding the Dream,Nora Roberts,1997,4.1,21944
The Sweetest Thing,Jill Shalvis,2011,4.1,19800
Boyfriend Material,Alexis  Hall,2020,4.09,81105
The Cruel Prince,Holly Black,2018,4.09,721361
Seven Days in June,Gayle Forman,2021,4.09,78605
City of Fallen Angels,Cassandra Clare,2011,4.09,559039
Slave to Sensation,Nalini Singh,2006,4.09,70446
Lord of Scoundrels,Loretta Chase,1995,4.09,34076
Thoughtless,S.C. Stephens,2012,4.09,138379
Devil in Spring,Lisa Kleypas,2017,4.09,34046
Boyfriend Material,Alexis  Hall,2020,4.09,81106
Since You've Been Gone,Morgan Matson,2014,4.09,109598
This Heart of Mine,Lisa Kleypas,2001,4.09,30843
Chain Reaction,Simone Elkeles,2011,4.09,62409
Counting Down with You,Tashie Bhuiyan,2021,4.09,15123
Malibu Rising,Taylor Jenkins Reid,2021,4.09,595597
Until November,Aurora Rose Reynolds,2013,4.09,50523
These Old Shades,Georgette Heyer,1926,4.09,18068
Love Irresistibly,Julie James,2013,4.09,17950
Flowers from the Storm,Laura Kinsale,1992,4.09,14924
Fallen Crest High,Tijan,2012,4.09,54947
Happily Ever After,Kiera Cass,2015,4.09,56952
Sense and Sensibility,Jane Austen,1811,4.08,1092091
City of Bones,Cassandra Clare,2007,4.08,1860270
Easy,Tammara Webber,2012,4.08,225554
The Sweetest Oblivion,Danielle Lori,2018,4.08,143376
Lick,Kylie Scott,2013,4.08,84934
Heartless,Marissa Meyer,2016,4.08,151923
The Last Boyfriend,Nora Roberts,2012,4.08,46691
Dragon Bound,Thea Harrison,2011,4.08,48193
Sorcery of Thorns,Margaret  Rogerson,2019,4.08,96114
Visions of Heat,Nalini Singh,2007,4.08,38315
Red Lily,Nora Roberts,2005,4.08,38459
Devil's Bride,Stephanie Laurens,1998,4.08,20804
In Flight,R.K. Lilley,2012,4.08,76825
Cotillion,Georgette Heyer,1953,4.08,15398
Arabella,Georgette Heyer,1949,4.08,18588
Ain't She Sweet?,Susan Elizabeth Phillips,2004,4.08,23538
The Iron Daughter,Julie Kagawa,2010,4.08,124451
The Scorpio Races,Maggie Stiefvater,2011,4.08,105997
How to Walk Away,Katherine Center,2018,4.08,67507
Sparrow,L.J. Shen,2016,4.08,48585
Hideaway,Penelope Douglas,2017,4.08,58200
To All the Boys I've Loved Before,Jenny Han,2014,4.07,739461
It Happened One Summer,Tessa Bailey,2021,4.07,255193
The Wrath and the Dawn,Renée Ahdieh,2015,4.07,160644
Love on the Brain,Ali Hazelwood,2022,4.07,87537
Angels' Blood,Nalini Singh,2009,4.07,87377
Seduce Me at Sunrise,Lisa Kleypas,2008,4.07,39570
Shadow of Night,Deborah Harkness,2012,4.07,219870
I Kissed Shara Wheeler,Casey McQuiston,2022,4.07,36892
Do You Want to Start a Scandal,Tessa Dare,2016,4.07,18892
A Lot like Love,Julie James,2011,4.07,31866
The Play,Elle Kennedy,2019,4.07,59152
Isn't It Bromantic?,Lyssa Kay Adams,2021,4.07,20046
Seduction and Snacks,Tara Sivec,2012,4.07,52342
Perfect on Paper,Sophie Gonzales,2021,4.07,21852
The Other Boleyn Girl,Philippa Gregory,2001,4.07,482030
The Winter King,C.L. Wilson,2014,4.07,18752
Carolina Moon,Nora Roberts,2000,4.07,43099
The Summer of Broken Rules,K.L. Walther,2021,4.07,28866
Wildest Dreams,Kristen Ashley,2011,4.07,31819
Slippery Creatures,K.J. Charles,2020,4.07,7845
The Fastest Way to Fall,Denise  Williams,2021,4.07,13463
Beach Read,Emily Henry,2020,4.06,607628
"Take a Hint, Dani Brown",Talia Hibbert,2020,4.06,75803
When Beauty Tamed the Beast,Eloisa James,2011,4.06,27254
The Rose & the Dagger,Renée Ahdieh,2016,4.06,85841
Hello Stranger,Lisa Kleypas,2018,4.06,23454
Stepbrother Dearest,Penelope Ward,2014,4.06,66152
The Suffragette Scandal,Courtney Milan,2014,4.06,8335
Mr. Perfect,Linda Howard,2000,4.06,34063
Beautiful Secret,Christina Lauren,2015,4.06,32632
Shadow Spell,Nora Roberts,2014,4.06,37196
P.S. I Still Love You,Jenny Han,2015,4.05,321648
The Mistake,Elle Kennedy,2015,4.05,225576
The Gentleman's Guide to Vice and Virtue,Mackenzi Lee,2017,4.05,124688
Pushing the Limits,Katie McGarry,2012,4.05,121285
Just Listen,Sarah Dessen,2006,4.05,243619
The Madness of Lord Ian Mackenzie,Jennifer Ashley,2009,4.05,35753
The Raven Boys,Maggie Stiefvater,2012,4.05,332644
Uprooted,Naomi Novik,2015,4.05,209681
P.S. I Like You,Kasie West,2016,4.05,54335
The Darkest Night,Gena Showalter,2008,4.05,82413
Again the Magic,Lisa Kleypas,2004,4.05,38636
Tell Me Three Things,Julie Buxbaum,2016,4.05,70824
Always Only You,Chloe Liese,2020,4.05,24067
"Heaven, Texas",Susan Elizabeth Phillips,1995,4.05,33014
All Together Dead,Charlaine Harris,2007,4.05,195863
Beauty: A Retelling of the Story of Beauty and the Beast,Robin McKinley,1978,4.05,77679
Magic Bites,Ilona Andrews,2007,4.05,117960
Garden Spells,Sarah Addison Allen,2007,4.05,94698
Hero,Samantha Young,2015,4.05,32391
Sweet Temptation,Cora Reilly,2020,4.05,47534
Transcendence,Shay Savage,2014,4.05,20945
Love Only Once,Johanna Lindsey,1985,4.05,19449
Starcrossed,Josephine Angelini,2011,4.05,71063
The Flatshare,Beth O'Leary,2019,4.04,276885
Emma,Jane Austen,1815,4.04,784651
The Soulmate Equation,Christina Lauren,2021,4.04,136796
Dear John,Nicholas Sparks,2006,4.04,577789
Along for the Ride,Sarah Dessen,2009,4.04,200653
The Lady's Guide to Celestial Mechanics,Olivia Waite,2019,4.04,9945
Pandemonium,Lauren Oliver,2012,4.04,231558
Any Duchess Will Do,Tessa Dare,2013,4.04,23816
A Promise of Fire,Amanda Bouchet,2016,4.04,32350
On the Edge,Ilona Andrews,2009,4.04,42672
Just Last Night,Mhairi McFarlane,2021,4.04,31666
Pleasure Unbound,Larissa Ione,2008,4.04,53139
About That Night,Julie James,2012,4.04,24376
How to Marry a Marquis,Julia Quinn,1999,4.04,20497
Bittersweet,Sarina Bowen,2016,4.04,19508
A Prince on Paper,Alyssa Cole,2019,4.04,5598
Daring to Dream,Nora Roberts,1996,4.04,25394
Good Boy,Sarina Bowen,2017,4.04,20456
Magic Study,Maria V. Snyder,2006,4.04,76628
One for the Money,Janet Evanovich,1994,4.04,520424
The Night Circus,Erin Morgenstern,2011,4.03,849454
Secrets of a Summer Night,Lisa Kleypas,2004,4.03,67926
Red Queen,Victoria Aveyard,2015,4.03,833765
Serpent & Dove,Shelby Mahurin,2019,4.03,220662
P.S. I Love You,Cecelia Ahern,2004,4.03,365580
Playing for Keeps,R.L. Mathewson,2011,4.03,111514
Scandal in Spring,Lisa Kleypas,2006,4.03,48206
Norwegian Wood,Haruki Murakami,1987,4.03,490161
A Rogue of One's Own,Evie Dunmore,2020,4.03,30188
One Good Earl Deserves a Lover,Sarah MacLean,2013,4.03,29368
The Unbecoming of Mara Dyer,Michelle Hodkin,2011,4.03,168341
On the Fence,Kasie West,2014,4.03,57713
A Marvellous Light,Freya Marske,2021,4.03,16806
Deep,Kylie Scott,2015,4.03,38619
Saint Anything,Sarah Dessen,2015,4.03,60475
The Baller,Vi Keeland,2016,4.03,44153
Falling into You,Jasinda Wilder,2013,4.03,53083
The Rosie Project,Graeme Simsion,2013,4.02,516559
Virgin River,Robyn Carr,2007,4.02,61829
Things You Save in a Fire,Katherine Center,2019,4.02,92697
Never Never,Colleen Hoover,2015,4.02,86589
If the Shoe Fits,Julie   Murphy,2021,4.02,24503
Love Unscripted,Tina Reber,2010,4.02,67961
The Other Miss Bridgerton,Julia Quinn,2018,4.02,27367
Northern Lights,Nora Roberts,2004,4.02,43218
Bitten,Kelley Armstrong,2001,4.02,99541
The Bridgertons: Happily Ever After,Julia Quinn,2013,4.02,29594
The 5th Wave,Rick Yancey,2013,4.02,433565
Worth Any Price,Lisa Kleypas,2003,4.02,19683
10 Blind Dates,Ashley Elston,2019,4.02,20195
The Proposition,Katie Ashley,2012,4.02,50566
Guilty Pleasures,Laurell K. Hamilton,1993,4.02,142203
One Last Stop,Casey McQuiston,2021,4.01,154210
Wallbanger,Alice Clayton,2012,4.01,198768
The Sun Is Also a Star,Nicola Yoon,2016,4.01,281659
The Heart Principle,Helen Hoang,2021,4.01,82190
When He Was Wicked,Julia Quinn,2004,4.01,124412
A Discovery of Witches,Deborah Harkness,2011,4.01,445677
It's in His Kiss,Julia Quinn,2005,4.01,105907
Isla and the Happily Ever After,Stephanie Perkins,2014,4.01,113789
The Fine Print,Lauren Asher,2021,4.01,118844
Vicious,L.J. Shen,2016,4.01,111719
It Had to Be You,Susan Elizabeth Phillips,1994,4.01,64323
Royally Screwed,Emma Chase,2016,4.01,42073
Only When It's Us,Chloe Liese,2020,4.01,26179
Club Dead,Charlaine Harris,2003,4.01,230201
Sugar Daddy,Lisa Kleypas,2007,4.01,42517
The American Roommate Experiment,Elena  Armas,2022,4.01,23341
Unearthly,Cynthia Hand,2011,4.01,126498
Definitely Dead,Charlaine Harris,2006,4.01,198979
Midnight Sun,Stephenie Meyer,2008,4.01,149452
Starry Eyes,Jenn Bennett,2018,4.01,26572
Dead and Gone,Charlaine Harris,2009,4.01,183547
From Dead to Worse,Charlaine Harris,2008,4.01,183532
Kushiel's Dart,Jacqueline Carey,2001,4.01,77268
Naked,Raine Miller,2012,4.01,73497
The Soldier's Scoundrel,Cat Sebastian,2016,4.01,6225
If This Gets Out,Sophie Gonzales,2021,4.01,16385
Never Never: Part Two,Colleen Hoover,2015,4.01,55286
The Girl You Left Behind,Jojo Moyes,2012,4.01,153951
"Everything, Everything",Nicola Yoon,2015,4.0,539107
The Duchess Deal,Tessa Dare,2017,4.0,48340
Birthday Girl,Penelope Douglas,2018,4.0,155589
Crescendo,Becca Fitzpatrick,2010,4.0,307676
Broken Prince,Erin Watt,2016,4.0,85058
Forbidden,Tabitha Suzuma,2010,4.0,67402
Lock and Key,Sarah Dessen,2008,4.0,147313
The Problem with Forever,Jennifer L. Armentrout,2016,4.0,52500
Idol,Kristen Callihan,2016,4.0,33894
Eleven Scandals to Start to Win a Duke's Heart,Sarah MacLean,2011,4.0,26960
Backstage Pass,Olivia Cunning,2010,4.0,60233
Float Plan,Trish Doller,2021,4.0,21703
The Unexpected Everything,Morgan Matson,2016,4.0,38823
Spin the Dawn,Elizabeth Lim,2019,4.0,44639
Leaving Paradise,Simone Elkeles,2007,4.0,42404
I Capture the Castle,Dodie Smith,1948,4.0,95848
Leo,Mia Sheridan,2013,4.0,38850
Forever My Girl,Heidi McLaughlin,2012,4.0,51233
The Price of Salt,Patricia Highsmith,1952,4.0,58301
Daughter of Smoke & Bone,Laini Taylor,2011,3.99,352283
Insurgent,Veronica Roth,2012,3.99,1367875
Where She Went,Lisa Kleypas,2011,3.99,282137
The Switch,Beth O'Leary,2020,3.99,95605
Ella Enchanted,Gail Carson Levine,1997,3.99,403722
Under the Never Sky,Veronica Rossi,2011,3.99,113454
After I Do,Taylor Jenkins Reid,2014,3.99,74312
Ten Things I Love About You,Julia Quinn,2010,3.99,24867
The Last Letter from Your Lover,Jojo Moyes,2008,3.99,109017
Only Mostly Devastated,Sophie Gonzales,2020,3.99,23451
The Secret of Ella and Micha,Jessica Sorensen,2012,3.99,70471
Flat-Out Love,Jessica Park,2011,3.99,58622
Dark Prince,Christine Feehan,1999,3.99,55659
One of Us Is Lying,Karen M. McManus,2017,3.99,603338
Changeless,Gail Carriger,2010,3.99,44786
The Best Thing,Mariana Zapata,2019,3.99,27936
Lord of the Fading Lands,C.L. Wilson,2007,3.99,20804
Midnight Bayou,Nora Roberts,2001,3.99,33186
The Villa,Nora Roberts,2001,3.99,28231
Rapture,Lauren Kate,2012,3.99,112876
A Beautiful Wedding,Jamie McGuire,2013,3.99,62556
Wicked,Jennifer L. Armentrout,2014,3.99,44787
Blameless,Gail Carriger,2010,3.99,39484
The Hating Game,Sally  Thorne,2016,3.98,537504
Looking for Alaska,John Green,2005,3.98,1408442
The Goal,Elle Kennedy,2016,3.98,132250
My Life Next Door,Huntley Fitzpatrick,2012,3.98,147935
Rhapsodic,Laura Thalassa,2016,3.98,88341
The Wedding,Nicholas Sparks,2003,3.98,151092
Under Locke,Mariana Zapata,2014,3.98,70425
"Alex, Approximately",Jenn Bennett,2017,3.98,44969
Wicked and the Wallflower,Sarah MacLean,2018,3.98,17089
In Bed with a Highlander,Maya Banks,2011,3.98,33404
Fangirl,Rainbow Rowell,2013,3.98,695972
The Silver Linings Playbook,Matthew Quick,2008,3.98,154784
Stalking Jack the Ripper,Kerri Maniscalco,2016,3.98,111531
History Is All You Left Me,Adam Silvera,2017,3.98,60787
My Favorite Mistake,Chelsea M. Cameron,2012,3.98,55970
Eleanor & Park,Rainbow Rowell,2012,3.97,1066165
The Spanish Love Deception,Elena  Armas,2021,3.97,377868
The Elite,Kiera Cass,2013,3.97,645722
Bringing Down the Duke,Evie Dunmore,2019,3.97,63015
Message in a Bottle,Nicholas Sparks,1998,3.97,227762
The Hook Up,Kristen Callihan,2014,3.97,53050
The Sky Is Everywhere,Jandy Nelson,2010,3.97,102011
Flipped,Wendelin Van Draanen,2001,3.97,109473
Crash,Nicole  Williams,2012,3.97,60399
Warprize,Elizabeth Vaughan,2005,3.97,18725
Romancing Mister Bridgerton,Julia Quinn,2002,3.96,188360
Beautiful Bastard,Christina Lauren,2013,3.96,187771
Tweet Cute,Emma Lord,2020,3.96,52886
This is How You Lose the Time War,Amal El-Mohtar,2019,3.96,100491
The Winner's Curse,Marie Rutkoski,2014,3.96,105328
Beyond the Highland Mist,Karen Marie Moning,1999,3.96,69756
The Kiss of Deception,Mary E. Pearson,2014,3.96,116655
These Violent Delights,Chloe Gong,2020,3.96,95723
The Best of Me,Nicholas Sparks,2010,3.96,161814
Living Dead in Dallas,Charlaine Harris,2002,3.96,245842
Practice Makes Perfect,Julie James,2009,3.96,31107
Never Judge a Lady by Her Cover,Sarah MacLean,2014,3.96,19315
Tokyo Ever After,Emiko Jean,2021,3.96,31215
Kingdom of the Wicked,Kerri Maniscalco,2020,3.96,148866
The Year We Fell Down,Sarina Bowen,2014,3.96,28236
The Girl He Used to Know,Tracey Garvis Graves,2019,3.96,42169
Friends Without Benefits,Penny Reid,2013,3.96,26016
Lady Sophia's Lover,Lisa Kleypas,2002,3.96,19157
Hands Down,Mariana Zapata,2020,3.96,32373
The Age of Innocence,Edith Wharton,1920,3.96,158108
An Offer From a Gentleman,Julia Quinn,2001,3.95,192481
You Deserve Each Other,Sarah Hogle,2020,3.95,77084
Shadow and Bone,Leigh Bardugo,2012,3.95,776233
Paper Princess,Erin Watt,2016,3.95,126593
Just Like Heaven,Julia Quinn,2011,3.95,47800
Like Water for Chocolate,Laura Esquivel,1989,3.95,347670
The Rogue Not Taken,Sarah MacLean,2015,3.95,21806
Dark Witch,Nora Roberts,2013,3.95,60592
One Plus One,Jojo Moyes,2014,3.95,162582
Dear Aaron,Mariana Zapata,2017,3.95,40646
The Raven Prince,Elizabeth Hoyt,2006,3.95,22313
A Midsummer Night's Dream,William Shakespeare,1595,3.95,498829
The Vincent Boys,Abbi Glines,2011,3.95,73664
Too Late,Colleen Hoover,2016,3.95,90978
Agnes and the Hitman,Jennifer Crusie,2007,3.95,19791
Far From the Madding Crowd,Thomas Hardy,1874,3.95,142383
American Queen,Sierra Simone,2016,3.95,28416
"Hush, Hush",Becca Fitzpatrick,2009,3.94,660659
Bully,Penelope Douglas,2013,3.94,161031
I've Got Your Number,Sophie Kinsella,2011,3.94,214926
"Love, Rosie",Cecelia Ahern,2004,3.94,122412
Something About You,Julie James,2010,3.94,60302
We'll Always Have Summer,Jenny Han,2011,3.94,224027
The Girl with the Make-Believe Husband,Julia Quinn,2017,3.94,31086
Welcome to Temptation,Jennifer Crusie,2000,3.94,33011
Something Blue,Emily Giffin,2005,3.94,213771
Blurred Lines,Lauren Layne,2015,3.94,24337
King's Cage,Victoria Aveyard,2017,3.94,200495
Sins & Needles,Karina Halle,2013,3.94,22475
Bet Me,Jennifer Crusie,2004,3.93,90477
A Rogue by Any Other Name,Sarah MacLean,2012,3.93,40424
Geekerella,Ashley Poston,2017,3.93,59104
Love in the Time of Cholera,Gabriel García Márquez,1985,3.93,466520
Marriage for One,Ella Maise,2019,3.93,60911
Twisted Palace,Erin Watt,2016,3.93,67980
The Best Man,Kristan Higgins,2013,3.93,27147
Big Rock,Lauren Blakely,2016,3.93,32326
Rosaline Palmer Takes the Cake,Alexis  Hall,2021,3.93,8614
Master of Crows,Grace Draven,2009,3.93,16671
The Queer Principles of Kit Webb,Cat Sebastian,2021,3.93,5949
Lola and the Boy Next Door,Stephanie Perkins,2011,3.92,160612
Pestilence,Laura Thalassa,2018,3.92,62447
The Distance Between Us,Kasie West,2013,3.92,75238
Atonement,Ian McEwan,2001,3.92,485925
Pucked,Helena Hunting,2015,3.92,58892
The Countess Conspiracy,Courtney Milan,2013,3.92,11711
All the Feels,Olivia Dade,2021,3.92,15136
Until Friday Night,Abbi Glines,2015,3.92,55583
Knight,Kristen Ashley,2012,3.92,53672
Kiss of Midnight,Lara Adrian,2007,3.92,64186
The Day of the Duchess,Sarah MacLean,2017,3.92,14031
Lady Isabella's Scandalous Marriage,Jennifer Ashley,2010,3.92,16893
One Week Girlfriend,Monica  Murphy,2013,3.92,52570
Someone Like You,Sarah Dessen,1998,3.92,101491
Hex Hall,Rachel Hawkins,2010,3.92,140304
Dragon Actually,G.A. Aiken,2004,3.92,28733
Faking It,Jennifer Crusie,2002,3.92,18934
Polaris Rising,Jessie Mihalik,2019,3.92,10458
The Duke Who Didn't,Courtney Milan,2020,3.92,4475
The Bromance Book Club,Lyssa Kay Adams,2019,3.91,77742
One to Watch,(Pseudonym),2020,3.91,81435
Written in the Stars,Alexandria Bellefleur,2020,3.91,31978
The Chase,Elle Kennedy,2018,3.91,109987
Truth or Beard,Penny Reid,2015,3.91,46697
The Governess Game,Tessa Dare,2018,3.91,27195
The Upside of Unrequited,Becky Albertalli,2017,3.91,72060
The Heiress Effect,Courtney Milan,2013,3.91,14403
Warm Bodies,Isaac Marion,2010,3.91,102702
Rush,Maya Banks,2013,3.91,75310
Turtles All the Way Down,John Green,2017,3.91,475614
The Hooker and the Hermit,L.H. Cosway,2015,3.91,26872
The Prince,Kiera Cass,2013,3.91,76240
To Catch an Heiress,Julia Quinn,1998,3.91,17815
Anna Dressed in Blood,Kendare Blake,2011,3.91,103192
Covet,J.R. Ward,2009,3.91,49252
What I Did for Love,Susan Elizabeth Phillips,2009,3.91,18807
Shatter Me,Tahereh Mafi,2011,3.9,517418
The Friend Zone,Abby Jimenez,2019,3.9,88892
Neanderthal Seeks Human,Penny Reid,2013,3.9,60932
These Broken Stars,Amie Kaufman,2013,3.9,68276
The Fill-In Boyfriend,Kasie West,2015,3.9,61519
RoomHate,Penelope Ward,2016,3.9,59673
The No-Show,Beth O'Leary,2022,3.9,35240
A Room with a View,E.M. Forster,1908,3.9,169459
XOXO,Axie Oh,2021,3.9,16609
Brutal Prince,Sophie Lark,2020,3.9,59077
A Thousand Pieces of You,Claudia Gray,2014,3.9,55547
The Perfect Play,Jaci Burton,2011,3.9,38713
Dumplin',Julie   Murphy,2015,3.9,83838
Hooked,Emily McIntire,2021,3.9,57684
A Quick Bite,Lynsay Sands,2005,3.9,42772
Barbarian Lover,Ruby Dixon,2015,3.9,31023
Crazy Rich Asians,Kevin Kwan,2013,3.89,430349
Romancing the Duke,Tessa Dare,2014,3.89,40861
Soulless,Gail Carriger,2009,3.89,107608
Undercover Bromance,Lyssa Kay Adams,2020,3.89,37661
The Shadows Between Us,Tricia Levenseller,2020,3.89,128699
The Secret Diaries of Miss Miranda Cheever,Julia Quinn,2007,3.89,40314
Ayesha at Last,Uzma Jalaluddin,2018,3.89,21810
Grave Mercy,Robin LaFevers,2012,3.89,104570
Dead in the Family,Charlaine Harris,2010,3.89,158836
The Falling in Love Montage,Ciara Smyth,2020,3.89,18347
Just One Year,Gayle Forman,2013,3.89,42605
Attachments,Rainbow Rowell,2011,3.88,190317
The Iron King,Julie Kagawa,2010,3.88,207758
Portrait of a Scotsman,Evie Dunmore,2021,3.88,22701
Ten Ways to Be Adored When Landing a Lord,Sarah MacLean,2010,3.88,24842
Throttled,Lauren Asher,2020,3.88,67884
A Kiss for Midwinter,Courtney Milan,2012,3.88,9569
Ricochet,Krista Ritchie,2013,3.88,48742
The Lover's Dictionary,David Levithan,2011,3.88,44871
Lolita,Vladimir Nabokov,1955,3.88,763469
The Bride Test,Helen Hoang,2019,3.87,131144
A Night Like This,Julia Quinn,2012,3.87,26914
Bound by Honor,Cora Reilly,2014,3.87,77006
Don't You Forget About Me,Mhairi McFarlane,2019,3.87,40746
The Light We Lost,Jill Santopolo,2017,3.87,131246
A Lady by Midnight,Tessa Dare,2012,3.87,18785
A Wallflower Christmas,Lisa Kleypas,2008,3.87,24035
Act Like It,Lucy  Parker,2015,3.87,10804
Well Matched,(Editor/Contributer),2021,3.87,18109
Love & Other Disasters,Anita Kelly,2022,3.87,11166
A Girl Like Her,Talia Hibbert,2018,3.87,8220
The Unwanted Wife,Natasha Anders,2012,3.87,39577
Rainshadow Road,Lisa Kleypas,2012,3.87,15510
Mansfield Park,Charlaine Harris,1814,3.86,321831
What If It's Us,David Nicholls,2018,3.86,121957
By Your Side,Kasie West,2017,3.86,47582
Maybe Not,Colleen Hoover,2014,3.86,76362
Hang the Moon,Alexandria Bellefleur,2021,3.86,10989
Unveiled,Courtney Milan,2011,3.86,9105
Kiss of Steel,Bec McMaster,2012,3.86,12266
Minx,Julia Quinn,1996,3.86,16764
Well Met,Jen DeLuca,2019,3.85,58786
The Host,Stephenie Meyer,2008,3.85,963467
A Touch of Darkness,Scarlett St.  Clair,2019,3.85,142444
Siege and Storm,Leigh Bardugo,2013,3.85,486943
To Love Jason Thorn,Ella Maise,2015,3.85,79607
The Undomestic Goddess,Sophie Kinsella,2005,3.85,282087
The Governess Affair,Courtney Milan,2012,3.85,17261
Torment,Lauren Kate,2010,3.85,226778
Breathe,Abbi Glines,2011,3.85,82311
This Time Next Year,Sophie Cousens,2020,3.85,71158
Hearts in Darkness,Laura Kaye,2011,3.85,36815
Twenties Girl,Sophie Kinsella,2009,3.85,161930
"To Sir, with Love",Lauren Layne,2021,3.85,18958
Uglies,Scott Westerfeld,2005,3.85,622785
Everything Leads to You,Nina LaCour,2014,3.85,32061
Fifty Shades Freed,E.L. James,2012,3.84,795618
The Summer I Turned Pretty,Jenny Han,2009,3.84,396929
Northanger Abbey,Jane Austen,1817,3.84,356726
They Both Die at the End,Adam Silvera,2017,3.84,515457
On the Way to the Wedding,Julia Quinn,2006,3.84,89776
Addicted to You,Krista Ritchie,2013,3.84,87419
If I Never Met You,Mhairi McFarlane,2020,3.84,53076
Evvie Drake Starts Over,Linda  Holmes,2019,3.84,119436
Nights in Rodanthe,Nicholas Sparks,2002,3.84,164417
American Royals,Katharine McGee,2019,3.84,94008
The Bookshop on the Corner,Jenny Colgan,2016,3.84,73591
China Rich Girlfriend,Kevin Kwan,2015,3.84,188682
The Iron Duke,Meljean Brook,2010,3.84,16737
At First Sight,Nicholas Sparks,2004,3.84,84338
Battle Royal,Lucy  Parker,2021,3.84,8793
Wrong,Jana Aston,2015,3.84,43621
Catching Jordan,Miranda Kenneally,2011,3.84,61749
Fifty Shades Darker,E.L. James,2011,3.83,837476
Normal People,Sally Rooney,2018,3.83,948855
Beastly,Alex Flinn,2007,3.83,174950
Say Yes to the Marquess,Tessa Dare,2014,3.83,21080
My Killer Vacation,Tessa Bailey,2022,3.83,47186
The Trouble with Hating You,Sajni Patel,2020,3.83,19351
After We Fell,Anna Todd,2014,3.83,125212
"I'd Tell You I Love You, But Then I'd Have to Kill You",Ally Carter,2006,3.83,185180
Beautiful Darkness,Kami Garcia,2010,3.83,132770
First Comes Scandal,Julia Quinn,2020,3.83,22463
The Duke and I,Julia Quinn,2000,3.82,356433
The Duchess War,Courtney Milan,2012,3.82,26223
Roomies,Christina Lauren,2017,3.82,58406
The Bookish Life of Nina Hill,Abbi Waxman,2019,3.82,87372
How to Fail at Flirting,Denise  Williams,2020,3.82,24275
Wicked Intentions,Elizabeth Hoyt,2010,3.82,18073
The Boy Next Door,Meg Cabot,2002,3.82,66285
Boy Meets Boy,David Levithan,2003,3.82,72807
The Sisterhood of the Traveling Pants,Ann Brashares,2001,3.82,672829
Tess of the D’Urbervilles,Thomas Hardy,1891,3.82,264435
The Proposal,Mary Balogh,2012,3.82,11343
Bombshell,Sarah MacLean,2021,3.82,8823
Corrupt,Penelope Douglas,2015,3.81,138238
The DUFF: Designated Ugly Fat Friend,Kody Keplinger,2010,3.81,190279
Maybe in Another Life,Taylor Jenkins Reid,2015,3.81,120415
Grey,E.L. James,2015,3.81,167773
The Royal We,Heather Cocks,2015,3.81,61552
True Believer,Nicholas Sparks,2003,3.81,84084
Conversations with Friends,Sally Rooney,2017,3.81,338938
Anyone But You,Jennifer Crusie,1996,3.81,20167
Just Haven't Met You Yet,Sophie Cousens,2021,3.81,35118
Crave,Tracy Wolff,2020,3.81,97338
A Court of Frost and Starlight,Sarah J. Maas,2018,3.8,433701
The Marriage Bargain,Jennifer Probst,2010,3.8,109486
To Kill a Kingdom,Alexandra Christo,2018,3.8,136587
Remember Me?,Sophie Kinsella,2008,3.8,240254
A Kiss at Midnight,Eloisa James,2010,3.8,19209
The Princess Diaries,Meg Cabot,2000,3.8,247084
My Not So Perfect Life,Sophie Kinsella,2017,3.8,111635
Dead Reckoning,Charlaine Harris,2011,3.8,122829
Tools of Engagement,Tessa Bailey,2020,3.79,36814
Twisted Love,Ana Huang,2021,3.78,156928
A Princess in Theory,Alyssa Cole,2018,3.78,14602
The Wedding Party,Jasmine Guillory,2019,3.78,44329
The Statistical Probability of Love at First Sight,Jennifer E. Smith,2012,3.77,113752
You've Reached Sam,Dustin Thao,2021,3.77,52535
Across the Universe,Beth Revis,2011,3.77,117352
A Deal with the Elf King,Elise Kova,2020,3.77,61780
Someone to Watch Over Me,Jen DeLuca,1998,3.77,21345
Royals,Rachel Hawkins,2018,3.77,22774
Firelight,Kristen Callihan,2012,3.77,16432
"To Sir Phillip, With Love",Julia Quinn,2003,3.76,140654
Shiver,Maggie Stiefvater,2009,3.76,465220
The Ex Talk,Rachel Lynn Solomon,2021,3.76,57761
Beautiful Creatures,Kami Garcia,2009,3.76,578256
The Cheat Sheet,Sarah       Adams,2021,3.76,88916
Dash & Lily's Book of Dares,Rachel Cohn,2010,3.76,90591
Dial A for Aunties,Jesse Q. Sutanto,2021,3.76,58738
The Two Lives of Lydia Bird,Josie Silver,2020,3.76,56854
Priest,Sierra Simone,2015,3.76,58593
Holding Up the Universe,Jennifer Niven,2016,3.76,105375
While We Were Dating,Jasmine Guillory,2021,3.76,29416
Christmas Eve at Friday Harbor,Lisa Kleypas,2010,3.76,19147
The Legacy,Elle Kennedy,2021,3.76,51832
By the Book,Jasmine Guillory,2022,3.76,16655
Beauty and the Blacksmith,Tessa Dare,2013,3.76,11041
Once and for All,Sarah Dessen,2017,3.76,33164
Under One Roof,Ali Hazelwood,2022,3.75,69278
A Night to Surrender,Tessa Dare,2011,3.75,24837
Layla,Colleen Hoover,2020,3.75,198655
Mr. Wrong Number,Lynn Painter,2022,3.75,30262
Frankly in Love,David  Yoon,2019,3.75,26164
Pride,Ibi Zoboi,2018,3.75,25057
Intercepted,Alexa  Martin,2018,3.75,11474
You Made a Fool of Death with Your Beauty,Akwaeke Emezi,2022,3.75,14222
A Lot Like Adiós,Alexis Daria,2021,3.75,9457
Trade Me,Courtney Milan,2015,3.75,5305
Romeo and Juliet,William Shakespeare,1597,3.74,2376465
In a Holidaze,Christina Lauren,2020,3.74,110076
Neon Gods,Katee Robert,2021,3.74,112532
Paper Towns,John Green,2008,3.74,1193459
Something Wilder,Christina Lauren,2022,3.74,42112
The Wisteria Society of Lady Scoundrels,India Holton,2021,3.74,15428
The Lost Duke of Wyndham,Julia Quinn,2008,3.74,22186
A Scot in the Dark,Sarah MacLean,2016,3.74,14277
Accidentally Engaged,Farah Heron,2021,3.74,10617
We Were Liars,E. Lockhart,2014,3.73,919633
After We Collided,Anna Todd,2013,3.73,163476
Dating Dr. Dil,Nisha Sharma,2022,3.73,29881
Fight or Flight,Samantha Young,2018,3.73,21971
Let's Talk About Love,Claire Kann,2018,3.73,9914
Breaking Dawn,Stephenie Meyer,2008,3.72,1544376
Fallen,Lauren Kate,2009,3.72,553649
Midnight Sun,Stephenie Meyer,2020,3.72,194655
"Will Grayson, Will Grayson",John Green,2010,3.72,378446
Would Like to Meet,Rachel Winters,2019,3.72,19515
The Siren,Kiera Cass,2009,3.72,76367
Girl Gone Viral,Alisha Rai,2020,3.72,10713
Hate to Want You,Alisha Rai,2017,3.72,6516
After,K.A. Tucker,2014,3.71,263884
Stuck with You,Ali Hazelwood,2022,3.71,48423
Let it Snow,John Green,2008,3.71,136871
Below Zero,Ali Hazelwood,2022,3.71,38828
A Pho Love Story,Loan Le,2021,3.71,15200
The Intimacy Experiment,Rosie Danan,2021,3.71,15730
Husband Material,Alexis  Hall,2022,3.71,12169
You Had Me at Hola,Alexis Daria,2020,3.7,32398
Love Lettering,Kate Clayborn,2019,3.7,39426
Nick & Norah's Infinite Playlist,Rachel Cohn,2006,3.7,83459
When Dimple Met Rishi,Sandhya Menon,2017,3.69,52486
Weather Girl,Rachel Lynn Solomon,2022,3.69,25101
Wicked Lovely,Melissa Marr,2007,3.69,162190
"Pride, Prejudice, and Other Flavors",Sonali Dev,2019,3.69,15208
Payback's a Witch,Lana  Harper,2021,3.69,15882
Tempting the Best Man,J. Lynn,2012,3.69,33510
The Secret History of the Pink Carnation,Lauren Willig,2004,3.69,22581
Ice Planet Barbarians,Ruby Dixon,2015,3.68,75411
Confessions of a Shopaholic,Sophie Kinsella,2000,3.68,705542
Credence,Penelope Douglas,2020,3.68,102715
The Heir,Kiera Cass,2015,3.67,300177
Emergency Contact,Mary H.K. Choi,2018,3.67,38653
The Roughest Draft,Emily Wibberley,2022,3.67,26355
This Is What Happy Looks Like,Jennifer E. Smith,2013,3.67,50009
My True Love Gave to Me: Twelve Holiday Stories,Stephanie Perkins,2014,3.67,39069
Much Ado About You,Samantha Young,2021,3.67,15445
Opposite of Always,Justin A. Reynolds,2019,3.67,22288
Fifty Shades of Grey,E.L. James,2011,3.66,2327268
Shipped,Angie Hockman,2021,3.66,51696
Cruel Beauty,Rosamund Hodge,2014,3.66,87119
The Dating Plan,Sara Desai,2021,3.66,34929
Something to Talk About,Meryl Wilsner,2020,3.66,19263
The Bridges of Madison County,Robert James Waller,1992,3.66,89660
The Secrets of Sir Richard Kenworthy,Julia Quinn,2015,3.66,18785
Fix Her Up,Tessa Bailey,2019,3.65,93869
The Roommate,Rosie Danan,2020,3.65,76613
The Crown,Kiera Cass,2016,3.65,223841
The Right Swipe,Alisha Rai,2019,3.65,21234
The Upside of Falling,Alex Light,2020,3.65,63660
The Ugly Duchess,Eloisa James,2012,3.65,13514
The Geography of You and Me,Jennifer E. Smith,2014,3.65,33598
Love Story,Erich Segal,1970,3.64,57475
Meet Me in the Margins,Melissa    Ferguson,2022,3.64,17452
Matched,Ally Condie,2010,3.63,732124
Dating You / Hating You,Christina Lauren,2017,3.63,27840
Allegiant,Veronica Roth,2013,3.61,961821
The Road Trip,Beth O'Leary,2021,3.61,63228
The Holiday Swap,Maggie Knox,2021,3.61,36104
The Wedding Date,Jasmine Guillory,2018,3.6,124943
Eligible: A Modern Retelling of Pride & Prejudice,Curtis Sittenfeld,2016,3.6,83519
Good Girl Complex,Elle Kennedy,2022,3.6,39196
Bridget Jones: The Edge of Reason,Helen Fielding,1999,3.6,107531
"Eat, Pray, Love",Elizabeth Gilbert,2006,3.6,1638005
Second First Impressions,Sally  Thorne,2021,3.59,60023
Evermore,Alyson Noel,2009,3.59,282408
"Beautiful World, Where Are You",Sally Rooney,2021,3.59,250892
Once Upon a Winter's Eve,Tessa Dare,2011,3.59,11582
The Boyfriend Project,Farrah Rochon,2020,3.58,14233
New Moon,Stephenie Meyer,2006,3.57,1734961
The Tourist Attraction,Sarah Morgenthaler,2020,3.56,24886
The Ex Hex,Erin Sterling,2021,3.55,93853
Austenland,Shannon Hale,2007,3.55,86635
Reached,Ally Condie,2012,3.55,157531
Desperate Measures,Katee Robert,2019,3.55,27506
Landline,Rainbow Rowell,2014,3.54,161979
Wintersong,S. Jae-Jones,2017,3.54,29627
The Marriage Game,Sara Desai,2020,3.53,14635
Crossed,Ally Condie,2011,3.52,234069
Waiting for Tom Hanks,Kerry Winfrey,2019,3.51,23413
Lady Chatterley's Lover,D.H. Lawrence,1928,3.51,111798
To Love and to Loathe,Martha Waters,2021,3.51,11074
Royal Holiday,Jasmine Guillory,2019,3.5,35927
The Proposal,Jane Austen,2018,3.49,100627
Shades of Milk and Honey,Mary Robinette Kowal,2010,3.49,15908
Wedding Night,Sophie Kinsella,2013,3.45,90221
99 Percent Mine,Sally  Thorne,2019,3.39,69346
